noc_code,description,construction_trades,non_construction_trades,trades,stc
00010,Legislators,Non-Construction Trades,NA,Non-Trades,Other Occupations
00018,Senior managers - public and private sector,Non-Construction Trades,NA,Non-Trades,Other Occupations
10010,Financial managers,Non-Construction Trades,NA,Non-Trades,Other Occupations
10011,Human resources managers,Non-Construction Trades,NA,Non-Trades,Other Occupations
10012,Purchasing managers,Non-Construction Trades,NA,Non-Trades,Other Occupations
10019,Other administrative services managers,Non-Construction Trades,NA,Non-Trades,Other Occupations
10020,"Insurance, real estate and financial brokerage managers",Non-Construction Trades,NA,Non-Trades,Other Occupations
10021,"Banking, credit and other investment managers",Non-Construction Trades,NA,Non-Trades,Other Occupations
10022,"Advertising, marketing and public relations managers",Non-Construction Trades,NA,Non-Trades,Other Occupations
10029,Other business services managers,Non-Construction Trades,NA,Non-Trades,Other Occupations
10030,Telecommunication carriers managers,Non-Construction Trades,NA,Non-Trades,Other Occupations
11100,Financial auditors and accountants,Non-Construction Trades,NA,Non-Trades,Other Occupations
11101,Financial and investment analysts,Non-Construction Trades,NA,Non-Trades,Other Occupations
11102,Financial advisors,Non-Construction Trades,NA,Non-Trades,Other Occupations
11103,"Securities agents, investment dealers and brokers",Non-Construction Trades,NA,Non-Trades,Other Occupations
11109,Other financial officers,Non-Construction Trades,NA,Non-Trades,Other Occupations
11200,Human resources professionals,Non-Construction Trades,NA,Non-Trades,Other Occupations
11201,Professional occupations in business management consulting,Non-Construction Trades,NA,Non-Trades,Other Occupations
11202,"Professional occupations in advertising, marketing and public relations",Non-Construction Trades,NA,Non-Trades,Other Occupations
12010,"Supervisors, general office and administrative support workers",Non-Construction Trades,NA,Non-Trades,Other Occupations
12011,"Supervisors, finance and insurance office workers",Non-Construction Trades,NA,Non-Trades,Other Occupations
12012,"Supervisors, library, correspondence and related information workers",Non-Construction Trades,NA,Non-Trades,Other Occupations
12013,"Supervisors, supply chain, tracking and scheduling coordination occupations",Non-Construction Trades,NA,Non-Trades,Other Occupations
12100,Executive assistants,Non-Construction Trades,NA,Non-Trades,Other Occupations
12101,Human resources and recruitment officers,Non-Construction Trades,NA,Non-Trades,Other Occupations
12102,Procurement and purchasing agents and officers,Non-Construction Trades,NA,Non-Trades,Other Occupations
12103,Conference and event planners,Non-Construction Trades,NA,Non-Trades,Other Occupations
12104,Employment insurance and revenue officers,Non-Construction Trades,NA,Non-Trades,Other Occupations
12110,"Court reporters, medical transcriptionists and related occupations",Non-Construction Trades,NA,Non-Trades,Other Occupations
12111,Health information management occupations,Non-Construction Trades,NA,Non-Trades,Other Occupations
12112,Records management technicians,Non-Construction Trades,NA,Non-Trades,Other Occupations
12113,Statistical officers and related research support occupations,Non-Construction Trades,NA,Non-Trades,Other Occupations
12200,Accounting technicians and bookkeepers,Non-Construction Trades,NA,Non-Trades,Other Occupations
12201,Insurance adjusters and claims examiners,Non-Construction Trades,NA,Non-Trades,Other Occupations
12202,Insurance underwriters,Non-Construction Trades,NA,Non-Trades,Other Occupations
12203,"Assessors, business valuators and appraisers",Non-Construction Trades,NA,Non-Trades,Other Occupations
13100,Administrative officers,Non-Construction Trades,NA,Non-Trades,Other Occupations
13101,Property administrators,Non-Construction Trades,NA,Non-Trades,Other Occupations
13102,Payroll administrators,Non-Construction Trades,NA,Non-Trades,Other Occupations
13110,Administrative assistants,Non-Construction Trades,NA,Non-Trades,Other Occupations
13111,Legal administrative assistants,Non-Construction Trades,NA,Non-Trades,Other Occupations
13112,Medical administrative assistants,Non-Construction Trades,NA,Non-Trades,Other Occupations
13200,"Customs, ship and other brokers",Non-Construction Trades,NA,Non-Trades,Other Occupations
13201,Production and transportation logistics coordinators,Non-Construction Trades,NA,Non-Trades,Other Occupations
14100,General office support workers,Non-Construction Trades,NA,Non-Trades,Other Occupations
14101,Receptionists,Non-Construction Trades,NA,Non-Trades,Other Occupations
14102,Personnel clerks,Non-Construction Trades,NA,Non-Trades,Other Occupations
14103,Court clerks and related court services occupations,Non-Construction Trades,NA,Non-Trades,Other Occupations
14110,Survey interviewers and statistical clerks,Non-Construction Trades,NA,Non-Trades,Other Occupations
14111,Data entry clerks,Non-Construction Trades,NA,Non-Trades,Other Occupations
14112,Desktop publishing operators and related occupations,Non-Construction Trades,NA,Non-Trades,Other Occupations
14200,Accounting and related clerks,Non-Construction Trades,NA,Non-Trades,Other Occupations
14201,"Banking, insurance and other financial clerks",Non-Construction Trades,NA,Non-Trades,Other Occupations
14202,Collection clerks,Non-Construction Trades,NA,Non-Trades,Other Occupations
14300,Library assistants and clerks,Non-Construction Trades,NA,Non-Trades,Other Occupations
14301,"Correspondence, publication and regulatory clerks",Non-Construction Trades,NA,Non-Trades,Other Occupations
14400,Shippers and receivers,Non-Construction Trades,NA,Non-Trades,Other Occupations
14401,Storekeepers and partspersons,Non-Construction Trades,NA,Non-Trades,Other Occupations
14402,Production logistics workers,Non-Construction Trades,NA,Non-Trades,Other Occupations
14403,Purchasing and inventory control workers,Non-Construction Trades,NA,Non-Trades,Other Occupations
14404,Dispatchers,Non-Construction Trades,NA,Non-Trades,Other Occupations
14405,Transportation route and crew schedulers,Non-Construction Trades,NA,Non-Trades,Other Occupations
20010,Engineering managers,Non-Construction Trades,NA,Non-Trades,Other Occupations
20011,Architecture and science managers,Non-Construction Trades,NA,Non-Trades,Other Occupations
20012,Computer and information systems managers,Non-Construction Trades,NA,Non-Trades,Other Occupations
21100,Physicists and astronomers,Non-Construction Trades,NA,Non-Trades,Other Occupations
21101,Chemists,Non-Construction Trades,NA,Non-Trades,Other Occupations
21102,Geoscientists and oceanographers,Non-Construction Trades,NA,Non-Trades,Other Occupations
21103,Meteorologists and climatologists,Non-Construction Trades,NA,Non-Trades,Other Occupations
21109,Other professional occupations in physical sciences,Non-Construction Trades,NA,Non-Trades,Other Occupations
21110,Biologists and related scientists,Non-Construction Trades,NA,Non-Trades,Other Occupations
21111,Forestry professionals,Non-Construction Trades,NA,Non-Trades,Other Occupations
21112,"Agricultural representatives, consultants and specialists",Non-Construction Trades,NA,Non-Trades,Other Occupations
21120,Public and environmental health and safety professionals,Non-Construction Trades,NA,Non-Trades,Other Occupations
21200,Architects,Non-Construction Trades,NA,Non-Trades,Other Occupations
21201,Landscape architects,Non-Construction Trades,NA,Non-Trades,Other Occupations
21202,Urban and land use planners,Non-Construction Trades,NA,Non-Trades,Other Occupations
21203,Land surveyors,Non-Construction Trades,NA,Non-Trades,Other Occupations
21210,"Mathematicians, statisticians and actuaries",Non-Construction Trades,NA,Non-Trades,Other Occupations
21211,Data scientists,Non-Construction Trades,NA,Non-Trades,Other Occupations
21220,Cybersecurity specialists,Non-Construction Trades,NA,Non-Trades,Other Occupations
21221,Business systems specialists,Non-Construction Trades,NA,Non-Trades,Other Occupations
21222,Information systems specialists,Non-Construction Trades,NA,Non-Trades,Other Occupations
21223,Database analysts and data administrators,Non-Construction Trades,NA,Non-Trades,Other Occupations
21230,Computer systems developers and programmers,Non-Construction Trades,NA,Non-Trades,Other Occupations
21231,Software engineers and designers,Non-Construction Trades,NA,Non-Trades,Other Occupations
21232,Software developers and programmers,Non-Construction Trades,NA,Non-Trades,Other Occupations
21233,Web designers,Non-Construction Trades,NA,Non-Trades,Other Occupations
21234,Web developers and programmers,Non-Construction Trades,NA,Non-Trades,Other Occupations
21300,Civil engineers,Non-Construction Trades,NA,Non-Trades,Other Occupations
21301,Mechanical engineers,Non-Construction Trades,NA,Non-Trades,Other Occupations
21310,Electrical and electronics engineers,Non-Construction Trades,NA,Non-Trades,Other Occupations
21311,Computer engineers (except software engineers and designers),Non-Construction Trades,NA,Non-Trades,Other Occupations
21320,Chemical engineers,Non-Construction Trades,NA,Non-Trades,Other Occupations
21321,Industrial and manufacturing engineers,Non-Construction Trades,NA,Non-Trades,Other Occupations
21322,Metallurgical and materials engineers,Non-Construction Trades,NA,Non-Trades,Other Occupations
21330,Mining engineers,Non-Construction Trades,NA,Non-Trades,Other Occupations
21331,Geological engineers,Non-Construction Trades,NA,Non-Trades,Other Occupations
21332,Petroleum engineers,Non-Construction Trades,NA,Non-Trades,Other Occupations
21390,Aerospace engineers,Non-Construction Trades,NA,Non-Trades,Other Occupations
21399,Other professional engineers,Non-Construction Trades,NA,Non-Trades,Other Occupations
22100,Chemical technologists and technicians,Non-Construction Trades,NA,Non-Trades,Other Occupations
22101,Geological and mineral technologists and technicians,Non-Construction Trades,NA,Non-Trades,Other Occupations
22110,Biological technologists and technicians,Non-Construction Trades,NA,Non-Trades,Other Occupations
22111,Agricultural and fish products inspectors,Non-Construction Trades,NA,Non-Trades,Other Occupations
22112,Forestry technologists and technicians,Non-Construction Trades,NA,Non-Trades,Other Occupations
22113,Conservation and fishery officers,Non-Construction Trades,NA,Non-Trades,Other Occupations
22114,Landscape and horticulture technicians and specialists,Construction Trades,NA,Trades,Other Trades
22210,Architectural technologists and technicians,Non-Construction Trades,NA,Non-Trades,Other Occupations
22211,Industrial designers,Non-Construction Trades,NA,Non-Trades,Other Occupations
22212,Drafting technologists and technicians,Non-Construction Trades,NA,Non-Trades,Other Occupations
22213,Land survey technologists and technicians,Non-Construction Trades,NA,Non-Trades,Other Occupations
22214,Technical occupations in geomatics and meteorology,Non-Construction Trades,NA,Non-Trades,Other Occupations
22220,Computer network and web technicians,Non-Construction Trades,NA,Non-Trades,Other Occupations
22221,User support technicians,Non-Construction Trades,NA,Non-Trades,Other Occupations
22222,Information systems testing technicians,Non-Construction Trades,NA,Non-Trades,Other Occupations
22230,Non-destructive testers and inspectors,Non-Construction Trades,NA,Non-Trades,Other Occupations
22231,Engineering inspectors and regulatory officers,Non-Construction Trades,NA,Non-Trades,Other Occupations
22232,Occupational health and safety specialists,Non-Construction Trades,NA,Non-Trades,Other Occupations
22233,Construction inspectors,Non-Construction Trades,NA,Non-Trades,Other Occupations
22300,Civil engineering technologists and technicians,Non-Construction Trades,NA,Non-Trades,Other Occupations
22301,Mechanical engineering technologists and technicians,Non-Construction Trades,NA,Non-Trades,Other Occupations
22302,Industrial engineering and manufacturing technologists and technicians,Non-Construction Trades,NA,Non-Trades,Other Occupations
22303,Construction estimators,Non-Construction Trades,NA,Non-Trades,Other Occupations
22310,Electrical and electronics engineering technologists and technicians,Non-Construction Trades,NA,Non-Trades,Other Occupations
22311,Electronic service technicians (household and business equipment),Non-Construction Trades,Non-Construction Trades,Trades,Other Trades
22312,Industrial instrument technicians and mechanics,Construction Trades,NA,Trades,Other Trades
22313,"Aircraft instrument, electrical and avionics mechanics, technicians and inspectors",Non-Construction Trades,NA,Non-Trades,Other Occupations
30010,Managers in health care,Non-Construction Trades,NA,Non-Trades,Other Occupations
31100,Specialists in clinical and laboratory medicine,Non-Construction Trades,NA,Non-Trades,Other Occupations
31101,Specialists in surgery,Non-Construction Trades,NA,Non-Trades,Other Occupations
31102,General practitioners and family physicians,Non-Construction Trades,NA,Non-Trades,Other Occupations
31103,Veterinarians,Non-Construction Trades,NA,Non-Trades,Other Occupations
31110,Dentists,Non-Construction Trades,NA,Non-Trades,Other Occupations
31111,Optometrists,Non-Construction Trades,NA,Non-Trades,Other Occupations
31112,Audiologists and speech-language pathologists,Non-Construction Trades,NA,Non-Trades,Other Occupations
31120,Pharmacists,Non-Construction Trades,NA,Non-Trades,Other Occupations
31121,Dietitians and nutritionists,Non-Construction Trades,NA,Non-Trades,Other Occupations
31200,Psychologists,Non-Construction Trades,NA,Non-Trades,Other Occupations
31201,Chiropractors,Non-Construction Trades,NA,Non-Trades,Other Occupations
31202,Physiotherapists,Non-Construction Trades,NA,Non-Trades,Other Occupations
31203,Occupational therapists,Non-Construction Trades,NA,Non-Trades,Other Occupations
31204,Kinesiologists and other professional occupations in therapy and assessment,Non-Construction Trades,NA,Non-Trades,Other Occupations
31209,Other professional occupations in health diagnosing and treating,Non-Construction Trades,NA,Non-Trades,Other Occupations
31300,Nursing coordinators and supervisors,Non-Construction Trades,NA,Non-Trades,Other Occupations
31301,Registered nurses and registered psychiatric nurses,Non-Construction Trades,NA,Non-Trades,Other Occupations
31302,Nurse practitioners,Non-Construction Trades,NA,Non-Trades,Other Occupations
31303,"Physician assistants, midwives and allied health professionals",Non-Construction Trades,NA,Non-Trades,Other Occupations
32100,Opticians,Non-Construction Trades,NA,Non-Trades,Other Occupations
32101,Licensed practical nurses,Non-Construction Trades,NA,Non-Trades,Other Occupations
32102,Paramedical occupations,Non-Construction Trades,NA,Non-Trades,Other Occupations
32103,"Respiratory therapists, clinical perfusionists and cardiopulmonary technologists",Non-Construction Trades,NA,Non-Trades,Other Occupations
32104,Animal health technologists and veterinary technicians,Non-Construction Trades,NA,Non-Trades,Other Occupations
32109,Other technical occupations in therapy and assessment,Non-Construction Trades,NA,Non-Trades,Other Occupations
32110,Denturists,Non-Construction Trades,NA,Non-Trades,Other Occupations
32111,Dental hygienists and dental therapists,Non-Construction Trades,NA,Non-Trades,Other Occupations
32112,Dental technologists and technicians,Non-Construction Trades,NA,Non-Trades,Other Occupations
32120,Medical laboratory technologists,Non-Construction Trades,NA,Non-Trades,Other Occupations
32121,Medical radiation technologists,Non-Construction Trades,NA,Non-Trades,Other Occupations
32122,Medical sonographers,Non-Construction Trades,NA,Non-Trades,Other Occupations
32123,Cardiology technologists and electrophysiological diagnostic technologists,Non-Construction Trades,NA,Non-Trades,Other Occupations
32124,Pharmacy technicians,Non-Construction Trades,NA,Non-Trades,Other Occupations
32129,Other medical technologists and technicians,Non-Construction Trades,NA,Non-Trades,Other Occupations
32200,Traditional Chinese medicine practitioners and acupuncturists,Non-Construction Trades,NA,Non-Trades,Other Occupations
32201,Massage therapists,Non-Construction Trades,NA,Non-Trades,Other Occupations
32209,Other practitioners of natural healing,Non-Construction Trades,NA,Non-Trades,Other Occupations
33100,Dental assistants and dental laboratory assistants,Non-Construction Trades,NA,Non-Trades,Other Occupations
33101,Medical laboratory assistants and related technical occupations,Non-Construction Trades,NA,Non-Trades,Other Occupations
33102,"Nurse aides, orderlies and patient service associates",Non-Construction Trades,NA,Non-Trades,Other Occupations
33103,Pharmacy technical assistants and pharmacy assistants,Non-Construction Trades,NA,Non-Trades,Other Occupations
33109,Other assisting occupations in support of health services,Non-Construction Trades,NA,Non-Trades,Other Occupations
40010,Government managers - health and social policy development and program administration,Non-Construction Trades,NA,Non-Trades,Other Occupations
40011,"Government managers - economic analysis, policy development and program administration",Non-Construction Trades,NA,Non-Trades,Other Occupations
40012,Government managers - education policy development and program administration,Non-Construction Trades,NA,Non-Trades,Other Occupations
40019,Other managers in public administration,Non-Construction Trades,NA,Non-Trades,Other Occupations
40020,Administrators - post-secondary education and vocational training,Non-Construction Trades,NA,Non-Trades,Other Occupations
40021,School principals and administrators of elementary and secondary education,Non-Construction Trades,NA,Non-Trades,Other Occupations
40030,"Managers in social, community and correctional services",Non-Construction Trades,NA,Non-Trades,Other Occupations
40040,Commissioned police officers and related occupations in public protection services,Non-Construction Trades,NA,Non-Trades,Other Occupations
40041,Fire chiefs and senior firefighting officers,Non-Construction Trades,NA,Non-Trades,Other Occupations
40042,Commissioned officers of the Canadian Armed Forces,Non-Construction Trades,NA,Non-Trades,Other Occupations
41100,Judges,Non-Construction Trades,NA,Non-Trades,Other Occupations
41101,Lawyers and Quebec notaries,Non-Construction Trades,NA,Non-Trades,Other Occupations
41200,University professors and lecturers,Non-Construction Trades,NA,Non-Trades,Other Occupations
41201,Post-secondary teaching and research assistants,Non-Construction Trades,NA,Non-Trades,Other Occupations
41210,College and other vocational instructors,Non-Construction Trades,NA,Non-Trades,Other Occupations
41220,Secondary school teachers,Non-Construction Trades,NA,Non-Trades,Other Occupations
41221,Elementary school and kindergarten teachers,Non-Construction Trades,NA,Non-Trades,Other Occupations
41300,Social workers,Non-Construction Trades,NA,Non-Trades,Other Occupations
41301,Therapists in counselling and related specialized therapies,Non-Construction Trades,NA,Non-Trades,Other Occupations
41302,Religious leaders,Non-Construction Trades,NA,Non-Trades,Other Occupations
41310,Police investigators and other investigative occupations,Non-Construction Trades,NA,Non-Trades,Other Occupations
41311,Probation and parole officers,Non-Construction Trades,NA,Non-Trades,Other Occupations
41320,Educational counsellors,Non-Construction Trades,NA,Non-Trades,Other Occupations
41321,Career development practitioners and career counsellors (except education),Non-Construction Trades,NA,Non-Trades,Other Occupations
41400,"Natural and applied science policy researchers, consultants and program officers",Non-Construction Trades,NA,Non-Trades,Other Occupations
41401,Economists and economic policy researchers and analysts,Non-Construction Trades,NA,Non-Trades,Other Occupations
41402,Business development officers and market researchers and analysts,Non-Construction Trades,NA,Non-Trades,Other Occupations
41403,"Social policy researchers, consultants and program officers",Non-Construction Trades,NA,Non-Trades,Other Occupations
41404,"Health policy researchers, consultants and program officers",Non-Construction Trades,NA,Non-Trades,Other Occupations
41405,"Education policy researchers, consultants and program officers",Non-Construction Trades,NA,Non-Trades,Other Occupations
41406,"Recreation, sports and fitness policy researchers, consultants and program officers",Non-Construction Trades,NA,Non-Trades,Other Occupations
41407,Program officers unique to government,Non-Construction Trades,NA,Non-Trades,Other Occupations
41409,Other professional occupations in social science,Non-Construction Trades,NA,Non-Trades,Other Occupations
42100,Police officers (except commissioned),Non-Construction Trades,NA,Non-Trades,Other Occupations
42101,Firefighters,Non-Construction Trades,NA,Non-Trades,Other Occupations
42102,Specialized members of the Canadian Armed Forces,Non-Construction Trades,NA,Non-Trades,Other Occupations
42200,Paralegals and related occupations,Non-Construction Trades,NA,Non-Trades,Other Occupations
42201,Social and community service workers,Non-Construction Trades,NA,Non-Trades,Other Occupations
42202,Early childhood educators and assistants,Non-Construction Trades,NA,Non-Trades,Other Occupations
42203,Instructors of persons with disabilities,Non-Construction Trades,NA,Non-Trades,Other Occupations
42204,Religion workers,Non-Construction Trades,NA,Non-Trades,Other Occupations
43100,Elementary and secondary school teacher assistants,Non-Construction Trades,NA,Non-Trades,Other Occupations
43109,Other instructors,Non-Construction Trades,NA,Non-Trades,Other Occupations
43200,Sheriffs and bailiffs,Non-Construction Trades,NA,Non-Trades,Other Occupations
43201,Correctional service officers,Non-Construction Trades,NA,Non-Trades,Other Occupations
43202,By-law enforcement and other regulatory officers,Non-Construction Trades,NA,Non-Trades,Other Occupations
43203,"Border services, customs, and immigration officers",Non-Construction Trades,NA,Non-Trades,Other Occupations
43204,Operations members of the Canadian Armed Forces,Non-Construction Trades,NA,Non-Trades,Other Occupations
44100,Home child care providers,Non-Construction Trades,NA,Non-Trades,Other Occupations
44101,"Home support workers, caregivers and related occupations",Non-Construction Trades,NA,Non-Trades,Other Occupations
44200,Primary combat members of the Canadian Armed Forces,Non-Construction Trades,NA,Non-Trades,Other Occupations
45100,"Student monitors, crossing guards and related occupations",Non-Construction Trades,NA,Non-Trades,Other Occupations
50010,"Library, archive, museum and art gallery managers",Non-Construction Trades,NA,Non-Trades,Other Occupations
50011,"Managers - publishing, motion pictures, broadcasting and performing arts",Non-Construction Trades,NA,Non-Trades,Other Occupations
50012,"Recreation, sports and fitness program and service directors",Non-Construction Trades,NA,Non-Trades,Other Occupations
51100,Librarians,Non-Construction Trades,NA,Non-Trades,Other Occupations
51101,Conservators and curators,Non-Construction Trades,NA,Non-Trades,Other Occupations
51102,Archivists,Non-Construction Trades,NA,Non-Trades,Other Occupations
51110,Editors,Non-Construction Trades,NA,Non-Trades,Other Occupations
51111,Authors and writers (except technical),Non-Construction Trades,NA,Non-Trades,Other Occupations
51112,Technical writers,Non-Construction Trades,NA,Non-Trades,Other Occupations
51113,Journalists,Non-Construction Trades,NA,Non-Trades,Other Occupations
51114,"Translators, terminologists and interpreters",Non-Construction Trades,NA,Non-Trades,Other Occupations
51120,"Producers, directors, choreographers and related occupations",Non-Construction Trades,NA,Non-Trades,Other Occupations
51121,"Conductors, composers and arrangers",Non-Construction Trades,NA,Non-Trades,Other Occupations
51122,Musicians and singers,Non-Construction Trades,NA,Non-Trades,Other Occupations
52100,Library and public archive technicians,Non-Construction Trades,NA,Non-Trades,Other Occupations
52110,Film and video camera operators,Non-Construction Trades,NA,Non-Trades,Other Occupations
52111,Graphic arts technicians,Non-Construction Trades,NA,Non-Trades,Other Occupations
52112,Broadcast technicians,Non-Construction Trades,NA,Non-Trades,Other Occupations
52113,Audio and video recording technicians,Non-Construction Trades,NA,Non-Trades,Other Occupations
52114,Announcers and other broadcasters,Non-Construction Trades,NA,Non-Trades,Other Occupations
52119,"Other technical and coordinating occupations in motion pictures, broadcasting and the performing arts",Non-Construction Trades,NA,Non-Trades,Other Occupations
52120,Graphic designers and illustrators,Non-Construction Trades,NA,Non-Trades,Other Occupations
52121,Interior designers and interior decorators,Non-Construction Trades,NA,Non-Trades,Other Occupations
53100,"Registrars, restorers, interpreters and other occupations related to museum and art galleries",Non-Construction Trades,NA,Non-Trades,Other Occupations
53110,Photographers,Non-Construction Trades,NA,Non-Trades,Other Occupations
53111,"Motion pictures, broadcasting, photography and performing arts assistants and operators",Non-Construction Trades,NA,Non-Trades,Other Occupations
53120,Dancers,Non-Construction Trades,NA,Non-Trades,Other Occupations
53121,"Actors, comedians and circus performers",Non-Construction Trades,NA,Non-Trades,Other Occupations
53122,"Painters, sculptors and other visual artists",Non-Construction Trades,NA,Non-Trades,Other Occupations
53123,"Theatre, fashion, exhibit and other creative designers",Non-Construction Trades,NA,Non-Trades,Other Occupations
53124,Artisans and craftspersons,Non-Construction Trades,NA,Non-Trades,Other Occupations
53125,"Patternmakers - textile, leather and fur products",Non-Construction Trades,NA,Non-Trades,Other Occupations
53200,Athletes,Non-Construction Trades,NA,Non-Trades,Other Occupations
53201,Coaches,Non-Construction Trades,NA,Non-Trades,Other Occupations
53202,Sports officials and referees,Non-Construction Trades,NA,Non-Trades,Other Occupations
54100,"Program leaders and instructors in recreation, sport and fitness",Non-Construction Trades,NA,Non-Trades,Other Occupations
55109,Other performers,Non-Construction Trades,NA,Non-Trades,Other Occupations
60010,Corporate sales managers,Non-Construction Trades,NA,Non-Trades,Other Occupations
60020,Retail and wholesale trade managers,Non-Construction Trades,NA,Non-Trades,Other Occupations
60030,Restaurant and food service managers,Non-Construction Trades,NA,Non-Trades,Other Occupations
60031,Accommodation service managers,Non-Construction Trades,NA,Non-Trades,Other Occupations
60040,Managers in customer and personal services,Non-Construction Trades,NA,Non-Trades,Other Occupations
62010,Retail sales supervisors,Non-Construction Trades,NA,Non-Trades,Other Occupations
62020,Food service supervisors,Non-Construction Trades,NA,Non-Trades,Other Occupations
62021,Executive housekeepers,Non-Construction Trades,NA,Non-Trades,Other Occupations
62022,"Accommodation, travel, tourism and related services supervisors",Non-Construction Trades,NA,Non-Trades,Other Occupations
62023,Customer and information services supervisors,Non-Construction Trades,NA,Non-Trades,Other Occupations
62024,Cleaning supervisors,Non-Construction Trades,NA,Non-Trades,Other Occupations
62029,Other services supervisors,Non-Construction Trades,NA,Non-Trades,Other Occupations
62100,Technical sales specialists - wholesale trade,Non-Construction Trades,NA,Non-Trades,Other Occupations
62101,Retail and wholesale buyers,Non-Construction Trades,NA,Non-Trades,Other Occupations
62200,Chefs,Non-Construction Trades,NA,Non-Trades,Other Occupations
62201,Funeral directors and embalmers,Non-Construction Trades,Non-Construction Trades,Trades,Other Trades
62202,"Jewellers, jewellery and watch repairers and related occupations",Non-Construction Trades,NA,Non-Trades,Other Occupations
63100,Insurance agents and brokers,Non-Construction Trades,NA,Non-Trades,Other Occupations
63101,Real estate agents and salespersons,Non-Construction Trades,NA,Non-Trades,Other Occupations
63102,Financial sales representatives,Non-Construction Trades,NA,Non-Trades,Other Occupations
63200,Cooks,Non-Construction Trades,Non-Construction Trades,Trades,Other Trades
63201,Butchers - retail and wholesale,Non-Construction Trades,NA,Non-Trades,Other Occupations
63202,Bakers,Non-Construction Trades,Non-Construction Trades,Trades,Other Trades
63210,Hairstylists and barbers,Non-Construction Trades,Non-Construction Trades,Trades,Other Trades
63211,"Estheticians, electrologists and related occupations",Non-Construction Trades,NA,Non-Trades,Other Occupations
63220,Shoe repairers and shoemakers,Non-Construction Trades,NA,Non-Trades,Other Occupations
63221,Upholsterers,Non-Construction Trades,NA,Non-Trades,Other Occupations
64100,Retail salespersons and visual merchandisers,Non-Construction Trades,NA,Non-Trades,Other Occupations
64101,Sales and account representatives - wholesale trade (non-technical),Non-Construction Trades,NA,Non-Trades,Other Occupations
64200,"Tailors, dressmakers, furriers and milliners",Non-Construction Trades,NA,Non-Trades,Other Occupations
64201,"Image, social and other personal consultants",Non-Construction Trades,NA,Non-Trades,Other Occupations
64300,Maîtres d'hôtel and hosts/hostesses,Non-Construction Trades,NA,Non-Trades,Other Occupations
64301,Bartenders,Non-Construction Trades,NA,Non-Trades,Other Occupations
64310,Travel counsellors,Non-Construction Trades,NA,Non-Trades,Other Occupations
64311,Pursers and flight attendants,Non-Construction Trades,NA,Non-Trades,Other Occupations
64312,Airline ticket and service agents,Non-Construction Trades,NA,Non-Trades,Other Occupations
64313,"Ground and water transport ticket agents, cargo service representatives and related clerks",Non-Construction Trades,NA,Non-Trades,Other Occupations
64314,Hotel front desk clerks,Non-Construction Trades,NA,Non-Trades,Other Occupations
64320,Tour and travel guides,Non-Construction Trades,NA,Non-Trades,Other Occupations
64321,Casino workers,Non-Construction Trades,NA,Non-Trades,Other Occupations
64322,Outdoor sport and recreational guides,Non-Construction Trades,NA,Non-Trades,Other Occupations
64400,Customer services representatives - financial institutions,Non-Construction Trades,NA,Non-Trades,Other Occupations
64401,Postal services representatives,Non-Construction Trades,NA,Non-Trades,Other Occupations
64409,Other customer and information services representatives,Non-Construction Trades,NA,Non-Trades,Other Occupations
64410,Security guards and related security service occupations,Non-Construction Trades,NA,Non-Trades,Other Occupations
65100,Cashiers,Non-Construction Trades,NA,Non-Trades,Other Occupations
65101,Service station attendants,Non-Construction Trades,NA,Non-Trades,Other Occupations
65102,"Store shelf stockers, clerks and order fillers",Non-Construction Trades,NA,Non-Trades,Other Occupations
65109,Other sales related occupations,Non-Construction Trades,NA,Non-Trades,Other Occupations
65200,Food and beverage servers,Non-Construction Trades,NA,Non-Trades,Other Occupations
65201,"Food counter attendants, kitchen helpers and related support occupations",Non-Construction Trades,NA,Non-Trades,Other Occupations
65202,Meat cutters and fishmongers - retail and wholesale,Non-Construction Trades,Non-Construction Trades,Trades,Other Trades
65210,"Support occupations in accommodation, travel and facilities set-up services",Non-Construction Trades,NA,Non-Trades,Other Occupations
65211,"Operators and attendants in amusement, recreation and sport",Non-Construction Trades,NA,Non-Trades,Other Occupations
65220,Pet groomers and animal care workers,Non-Construction Trades,NA,Non-Trades,Other Occupations
65229,Other support occupations in personal services,Non-Construction Trades,NA,Non-Trades,Other Occupations
65310,Light duty cleaners,Non-Construction Trades,NA,Non-Trades,Other Occupations
65311,Specialized cleaners,Non-Construction Trades,NA,Non-Trades,Other Occupations
65312,"Janitors, caretakers and heavy-duty cleaners",Non-Construction Trades,NA,Non-Trades,Other Occupations
65320,"Dry cleaning, laundry and related occupations",Non-Construction Trades,NA,Non-Trades,Other Occupations
65329,Other service support occupations,Non-Construction Trades,NA,Non-Trades,Other Occupations
70010,Construction managers,Non-Construction Trades,NA,Non-Trades,Other Occupations
70011,Home building and renovation managers,Non-Construction Trades,NA,Non-Trades,Other Occupations
70012,Facility operation and maintenance managers,Non-Construction Trades,NA,Non-Trades,Other Occupations
70020,Managers in transportation,Non-Construction Trades,NA,Non-Trades,Other Occupations
70021,Postal and courier services managers,Non-Construction Trades,NA,Non-Trades,Other Occupations
72010,"Contractors and supervisors, machining, metal forming, shaping and erecting trades and related occupations",Non-Construction Trades,NA,Non-Trades,Other Occupations
72011,"Contractors and supervisors, electrical trades and telecommunications occupations",Non-Construction Trades,NA,Non-Trades,Other Occupations
72012,"Contractors and supervisors, pipefitting trades",Non-Construction Trades,NA,Non-Trades,Other Occupations
72013,"Contractors and supervisors, carpentry trades",Non-Construction Trades,NA,Non-Trades,Other Occupations
72014,"Contractors and supervisors, other construction trades, installers, repairers and servicers",Non-Construction Trades,NA,Non-Trades,Other Occupations
72020,"Contractors and supervisors, mechanic trades",Non-Construction Trades,NA,Non-Trades,Other Occupations
72021,"Contractors and supervisors, heavy equipment operator crews",Non-Construction Trades,NA,Non-Trades,Other Occupations
72022,"Supervisors, printing and related occupations",Non-Construction Trades,NA,Non-Trades,Other Occupations
72023,"Supervisors, railway transport operations",Non-Construction Trades,NA,Non-Trades,Other Occupations
72024,"Supervisors, motor transport and other ground transit operators",Non-Construction Trades,NA,Non-Trades,Other Occupations
72025,"Supervisors, mail and message distribution occupations",Non-Construction Trades,NA,Non-Trades,Other Occupations
72100,Machinists and machining and tooling inspectors,Non-Construction Trades,Non-Construction Trades,Trades,Other Trades
72101,Tool and die makers,Non-Construction Trades,Non-Construction Trades,Trades,Other Trades
72102,Sheet metal workers,Construction Trades,NA,Trades,STC Trades
72103,Boilermakers,Construction Trades,NA,Trades,Other Trades
72104,Structural metal and platework fabricators and fitters,Construction Trades,NA,Trades,Other Trades
72105,Ironworkers,Construction Trades,NA,Trades,Other Trades
72106,Welders and related machine operators,Construction Trades,NA,Trades,Other Trades
72200,Electricians (except industrial and power system),Construction Trades,NA,Trades,STC Trades
72201,Industrial electricians,Construction Trades,NA,Trades,STC Trades
72202,Power system electricians,Non-Construction Trades,NA,Non-Trades,Other Occupations
72203,Electrical power line and cable workers,Construction Trades,NA,Trades,STC Trades
72204,Telecommunications line and cable installers and repairers,Non-Construction Trades,NA,Non-Trades,Other Occupations
72205,Telecommunications equipment installation and cable television service technicians,Non-Construction Trades,NA,Non-Trades,Other Occupations
72300,Plumbers,Construction Trades,NA,Trades,Other Trades
72301,"Steamfitters, pipefitters and sprinkler system installers",Construction Trades,NA,Trades,STC Trades
72302,Gas fitters,Construction Trades,NA,Trades,STC Trades
72310,Carpenters,Construction Trades,NA,Trades,Other Trades
72311,Cabinetmakers,Construction Trades,NA,Trades,Other Trades
72320,Bricklayers,Construction Trades,NA,Trades,Other Trades
72321,Insulators,Construction Trades,NA,Trades,Other Trades
72400,Construction millwrights and industrial mechanics,Construction Trades,NA,Trades,Other Trades
72401,Heavy-duty equipment mechanics,Construction Trades,NA,Trades,STC Trades
72402,"Heating, refrigeration and air conditioning mechanics",Construction Trades,NA,Trades,STC Trades
72403,Railway carmen/women,Non-Construction Trades,Non-Construction Trades,Trades,Other Trades
72404,Aircraft mechanics and aircraft inspectors,Non-Construction Trades,Non-Construction Trades,Trades,Other Trades
72405,Machine fitters,Non-Construction Trades,NA,Non-Trades,Other Occupations
72406,Elevator constructors and mechanics,Non-Construction Trades,NA,Non-Trades,Other Occupations
72410,"Automotive service technicians, truck and bus mechanics and mechanical repairers",Non-Construction Trades,Non-Construction Trades,Trades,STC Trades
72411,"Auto body collision, refinishing and glass technicians and damage repair estimators",Non-Construction Trades,Non-Construction Trades,Trades,STC Trades
72420,Oil and solid fuel heating mechanics,Construction Trades,NA,Trades,Other Trades
72421,Appliance servicers and repairers,Non-Construction Trades,Non-Construction Trades,Trades,Other Trades
72422,Electrical mechanics,Construction Trades,NA,Trades,Other Trades
72423,"Motorcycle, all-terrain vehicle and other related mechanics",Non-Construction Trades,Non-Construction Trades,Trades,Other Trades
72429,Other small engine and small equipment repairers,Non-Construction Trades,NA,Non-Trades,Other Occupations
72500,Crane operators,Construction Trades,NA,Trades,Other Trades
72501,Water well drillers,Construction Trades,NA,Trades,Other Trades
72600,"Air pilots, flight engineers and flying instructors",Non-Construction Trades,NA,Non-Trades,Other Occupations
72601,Air traffic controllers and related occupations,Non-Construction Trades,NA,Non-Trades,Other Occupations
72602,"Deck officers, water transport",Non-Construction Trades,NA,Non-Trades,Other Occupations
72603,"Engineer officers, water transport",Non-Construction Trades,NA,Non-Trades,Other Occupations
72604,Railway traffic controllers and marine traffic regulators,Non-Construction Trades,NA,Non-Trades,Other Occupations
72999,Other technical trades and related occupations,Construction Trades,NA,Trades,Other Trades
73100,Concrete finishers,Construction Trades,NA,Trades,Other Trades
73101,Tilesetters,Construction Trades,NA,Trades,Other Trades
73102,"Plasterers, drywall installers and finishers and lathers",Construction Trades,NA,Trades,Other Trades
73110,Roofers and shinglers,Construction Trades,NA,Trades,Other Trades
73111,Glaziers,Construction Trades,NA,Trades,Other Trades
73112,Painters and decorators (except interior decorators),Construction Trades,NA,Trades,Other Trades
73113,Floor covering installers,Construction Trades,NA,Trades,Other Trades
73200,Residential and commercial installers and servicers,Non-Construction Trades,NA,Non-Trades,Other Occupations
73201,General building maintenance workers and building superintendents,Non-Construction Trades,Non-Construction Trades,Trades,Other Trades
73202,Pest controllers and fumigators,Non-Construction Trades,NA,Non-Trades,Other Occupations
73209,Other repairers and servicers,Non-Construction Trades,NA,Non-Trades,Other Occupations
73300,Transport truck drivers,Non-Construction Trades,NA,Non-Trades,Other Occupations
73301,"Bus drivers, subway operators and other transit operators",Non-Construction Trades,NA,Non-Trades,Other Occupations
73310,Railway and yard locomotive engineers,Non-Construction Trades,NA,Non-Trades,Other Occupations
73311,Railway conductors and brakemen/women,Non-Construction Trades,NA,Non-Trades,Other Occupations
73400,Heavy equipment operators,Construction Trades,NA,Trades,Other Trades
73401,Printing press operators,Non-Construction Trades,NA,Non-Trades,Other Occupations
73402,"Drillers and blasters - surface mining, quarrying and construction",Non-Construction Trades,NA,Non-Trades,Other Occupations
74100,Mail and parcel sorters and related occupations,Non-Construction Trades,NA,Non-Trades,Other Occupations
74101,Letter carriers,Non-Construction Trades,NA,Non-Trades,Other Occupations
74102,Couriers and messengers,Non-Construction Trades,NA,Non-Trades,Other Occupations
74200,Railway yard and track maintenance workers,Non-Construction Trades,NA,Non-Trades,Other Occupations
74201,Water transport deck and engine room crew,Non-Construction Trades,NA,Non-Trades,Other Occupations
74202,Air transport ramp attendants,Non-Construction Trades,NA,Non-Trades,Other Occupations
74203,Automotive and heavy truck and equipment parts installers and servicers,Non-Construction Trades,NA,Non-Trades,Other Occupations
74204,Utility maintenance workers,Non-Construction Trades,NA,Non-Trades,Other Occupations
74205,Public works maintenance equipment operators and related workers,Non-Construction Trades,Non-Construction Trades,Trades,Other Trades
75100,Longshore workers,Non-Construction Trades,NA,Non-Trades,Other Occupations
75101,Material handlers,Non-Construction Trades,NA,Non-Trades,Other Occupations
75110,Construction trades helpers and labourers,Construction Trades,NA,Trades,Other Trades
75119,Other trades helpers and labourers,Non-Construction Trades,NA,Non-Trades,Other Occupations
75200,Taxi and limousine drivers and chauffeurs,Non-Construction Trades,NA,Non-Trades,Other Occupations
75201,Delivery service drivers and door-to-door distributors,Non-Construction Trades,NA,Non-Trades,Other Occupations
75210,Boat and cable ferry operators and related occupations,Non-Construction Trades,NA,Non-Trades,Other Occupations
75211,Railway and motor transport labourers,Non-Construction Trades,NA,Non-Trades,Other Occupations
75212,Public works and maintenance labourers,Non-Construction Trades,NA,Non-Trades,Other Occupations
80010,Managers in natural resources production and fishing,Non-Construction Trades,NA,Non-Trades,Other Occupations
80020,Managers in agriculture,Non-Construction Trades,NA,Non-Trades,Other Occupations
80021,Managers in horticulture,Non-Construction Trades,NA,Non-Trades,Other Occupations
80022,Managers in aquaculture,Non-Construction Trades,NA,Non-Trades,Other Occupations
82010,"Supervisors, logging and forestry",Non-Construction Trades,NA,Non-Trades,Other Occupations
82020,"Supervisors, mining and quarrying",Non-Construction Trades,NA,Non-Trades,Other Occupations
82021,"Contractors and supervisors, oil and gas drilling and services",Non-Construction Trades,NA,Non-Trades,Other Occupations
82030,Agricultural service contractors and farm supervisors,Non-Construction Trades,NA,Non-Trades,Other Occupations
82031,"Contractors and supervisors, landscaping, grounds maintenance and horticulture services",Non-Construction Trades,NA,Non-Trades,Other Occupations
83100,Underground production and development miners,Non-Construction Trades,NA,Non-Trades,Other Occupations
83101,"Oil and gas well drillers, servicers, testers and related workers",Non-Construction Trades,NA,Non-Trades,Other Occupations
83110,Logging machinery operators,Non-Construction Trades,NA,Non-Trades,Other Occupations
83120,Fishing masters and officers,Non-Construction Trades,NA,Non-Trades,Other Occupations
83121,Fishermen/women,Non-Construction Trades,NA,Non-Trades,Other Occupations
84100,Underground mine service and support workers,Non-Construction Trades,NA,Non-Trades,Other Occupations
84101,Oil and gas well drilling and related workers and services operators,Construction Trades,NA,Trades,Other Trades
84110,Chain saw and skidder operators,Non-Construction Trades,NA,Non-Trades,Other Occupations
84111,Silviculture and forestry workers,Non-Construction Trades,NA,Non-Trades,Other Occupations
84120,Specialized livestock workers and farm machinery operators,Non-Construction Trades,Non-Construction Trades,Trades,Other Trades
84121,Fishing vessel deckhands,Non-Construction Trades,NA,Non-Trades,Other Occupations
85100,Livestock labourers,Non-Construction Trades,NA,Non-Trades,Other Occupations
85101,Harvesting labourers,Non-Construction Trades,NA,Non-Trades,Other Occupations
85102,Aquaculture and marine harvest labourers,Non-Construction Trades,NA,Non-Trades,Other Occupations
85103,Nursery and greenhouse labourers,Non-Construction Trades,NA,Non-Trades,Other Occupations
85104,Trappers and hunters,Non-Construction Trades,NA,Non-Trades,Other Occupations
85110,Mine labourers,Non-Construction Trades,NA,Non-Trades,Other Occupations
85111,"Oil and gas drilling, servicing and related labourers",Non-Construction Trades,NA,Non-Trades,Other Occupations
85120,Logging and forestry labourers,Non-Construction Trades,NA,Non-Trades,Other Occupations
85121,Landscaping and grounds maintenance labourers,Non-Construction Trades,NA,Non-Trades,Other Occupations
90010,Manufacturing managers,Non-Construction Trades,NA,Non-Trades,Other Occupations
90011,Utilities managers,Non-Construction Trades,NA,Non-Trades,Other Occupations
92010,"Supervisors, mineral and metal processing",Non-Construction Trades,NA,Non-Trades,Other Occupations
92011,"Supervisors, petroleum, gas and chemical processing and utilities",Non-Construction Trades,NA,Non-Trades,Other Occupations
92012,"Supervisors, food and beverage processing",Non-Construction Trades,NA,Non-Trades,Other Occupations
92013,"Supervisors, plastic and rubber products manufacturing",Non-Construction Trades,NA,Non-Trades,Other Occupations
92014,"Supervisors, forest products processing",Non-Construction Trades,NA,Non-Trades,Other Occupations
92015,"Supervisors, textile, fabric, fur and leather products processing and manufacturing",Non-Construction Trades,NA,Non-Trades,Other Occupations
92020,"Supervisors, motor vehicle assembling",Non-Construction Trades,NA,Non-Trades,Other Occupations
92021,"Supervisors, electronics and electrical products manufacturing",Non-Construction Trades,NA,Non-Trades,Other Occupations
92022,"Supervisors, furniture and fixtures manufacturing",Non-Construction Trades,NA,Non-Trades,Other Occupations
92023,"Supervisors, other mechanical and metal products manufacturing",Non-Construction Trades,NA,Non-Trades,Other Occupations
92024,"Supervisors, other products manufacturing and assembly",Non-Construction Trades,NA,Non-Trades,Other Occupations
92100,Power engineers and power systems operators,Non-Construction Trades,NA,Non-Trades,Other Occupations
92101,Water and waste treatment plant operators,Non-Construction Trades,NA,Non-Trades,Other Occupations
93100,"Central control and process operators, mineral and metal processing",Non-Construction Trades,NA,Non-Trades,Other Occupations
93101,"Central control and process operators, petroleum, gas and chemical processing",Non-Construction Trades,NA,Non-Trades,Other Occupations
93102,"Pulping, papermaking and coating control operators",Non-Construction Trades,NA,Non-Trades,Other Occupations
93200,Aircraft assemblers and aircraft assembly inspectors,Non-Construction Trades,NA,Non-Trades,Other Occupations
94100,"Machine operators, mineral and metal processing",Non-Construction Trades,NA,Non-Trades,Other Occupations
94101,Foundry workers,Non-Construction Trades,NA,Non-Trades,Other Occupations
94102,Glass forming and finishing machine operators and glass cutters,Non-Construction Trades,NA,Non-Trades,Other Occupations
94103,"Concrete, clay and stone forming operators",Non-Construction Trades,NA,Non-Trades,Other Occupations
94104,"Inspectors and testers, mineral and metal processing",Non-Construction Trades,NA,Non-Trades,Other Occupations
94105,Metalworking and forging machine operators,Non-Construction Trades,NA,Non-Trades,Other Occupations
94106,Machining tool operators,Non-Construction Trades,NA,Non-Trades,Other Occupations
94107,Machine operators of other metal products,Non-Construction Trades,NA,Non-Trades,Other Occupations
94110,Chemical plant machine operators,Non-Construction Trades,NA,Non-Trades,Other Occupations
94111,Plastics processing machine operators,Non-Construction Trades,NA,Non-Trades,Other Occupations
94112,Rubber processing machine operators and related workers,Non-Construction Trades,NA,Non-Trades,Other Occupations
94120,Sawmill machine operators,Non-Construction Trades,NA,Non-Trades,Other Occupations
94121,"Pulp mill, papermaking and finishing machine operators",Non-Construction Trades,NA,Non-Trades,Other Occupations
94122,Paper converting machine operators,Non-Construction Trades,NA,Non-Trades,Other Occupations
94123,Lumber graders and other wood processing inspectors and graders,Non-Construction Trades,NA,Non-Trades,Other Occupations
94124,Woodworking machine operators,Non-Construction Trades,NA,Non-Trades,Other Occupations
94129,Other wood processing machine operators,Non-Construction Trades,NA,Non-Trades,Other Occupations
94130,"Textile fibre and yarn, hide and pelt processing machine operators and workers",Non-Construction Trades,NA,Non-Trades,Other Occupations
94131,"Weavers, knitters and other fabric making occupations",Non-Construction Trades,NA,Non-Trades,Other Occupations
94132,Industrial sewing machine operators,Non-Construction Trades,NA,Non-Trades,Other Occupations
94133,"Inspectors and graders, textile, fabric, fur and leather products manufacturing",Non-Construction Trades,NA,Non-Trades,Other Occupations
94140,"Process control and machine operators, food and beverage processing",Non-Construction Trades,NA,Non-Trades,Other Occupations
94141,"Industrial butchers and meat cutters, poultry preparers and related workers",Non-Construction Trades,NA,Non-Trades,Other Occupations
94142,Fish and seafood plant workers,Non-Construction Trades,NA,Non-Trades,Other Occupations
94143,"Testers and graders, food and beverage processing",Non-Construction Trades,NA,Non-Trades,Other Occupations
94150,Plateless printing equipment operators,Non-Construction Trades,NA,Non-Trades,Other Occupations
94151,"Camera, platemaking and other prepress occupations",Non-Construction Trades,NA,Non-Trades,Other Occupations
94152,Binding and finishing machine operators,Non-Construction Trades,NA,Non-Trades,Other Occupations
94153,Photographic and film processors,Non-Construction Trades,NA,Non-Trades,Other Occupations
94200,"Motor vehicle assemblers, inspectors and testers",Non-Construction Trades,NA,Non-Trades,Other Occupations
94201,"Electronics assemblers, fabricators, inspectors and testers",Non-Construction Trades,NA,Non-Trades,Other Occupations
94202,"Assemblers and inspectors, electrical appliance, apparatus and equipment manufacturing",Non-Construction Trades,NA,Non-Trades,Other Occupations
94203,"Assemblers, fabricators and inspectors, industrial electrical motors and transformers",Non-Construction Trades,NA,Non-Trades,Other Occupations
94204,Mechanical assemblers and inspectors,Non-Construction Trades,NA,Non-Trades,Other Occupations
94205,"Machine operators and inspectors, electrical apparatus manufacturing",Non-Construction Trades,NA,Non-Trades,Other Occupations
94210,"Furniture and fixture assemblers, finishers, refinishers and inspectors",Non-Construction Trades,NA,Non-Trades,Other Occupations
94211,Assemblers and inspectors of other wood products,Non-Construction Trades,NA,Non-Trades,Other Occupations
94212,"Plastic products assemblers, finishers and inspectors",Non-Construction Trades,NA,Non-Trades,Other Occupations
94213,"Industrial painters, coaters and metal finishing process operators",Non-Construction Trades,NA,Non-Trades,Other Occupations
94219,"Other products assemblers, finishers and inspectors",Non-Construction Trades,NA,Non-Trades,Other Occupations
95100,Labourers in mineral and metal processing,Non-Construction Trades,NA,Non-Trades,Other Occupations
95101,Labourers in metal fabrication,Non-Construction Trades,NA,Non-Trades,Other Occupations
95102,Labourers in chemical products processing and utilities,Non-Construction Trades,NA,Non-Trades,Other Occupations
95103,"Labourers in wood, pulp and paper processing",Non-Construction Trades,NA,Non-Trades,Other Occupations
95104,Labourers in rubber and plastic products manufacturing,Non-Construction Trades,NA,Non-Trades,Other Occupations
95105,Labourers in textile processing and cutting,Non-Construction Trades,NA,Non-Trades,Other Occupations
95106,Labourers in food and beverage processing,Non-Construction Trades,NA,Non-Trades,Other Occupations
95107,Labourers in fish and seafood processing,Non-Construction Trades,NA,Non-Trades,Other Occupations
95109,"Other labourers in processing, manufacturing and utilities",Non-Construction Trades,NA,Non-Trades,Other Occupations
